,method,acc,auc,recall
0,svmlin,0.8803418803418803,0.87989479836353,0.8275862068965517
1,svmrbf,0.905982905982906,0.9064874342489773,0.847457627118644
2,lr,0.8888888888888888,0.8893921683226184,0.8305084745762712
3,mlp,0.9145299145299145,0.9140853302162477,0.8620689655172413
