,model,score
0,svmrbf,0.9856733524355301
1,lr,0.9828080229226361
2,mlp,0.997134670487106
